{
    "batch_size": 32,
    "n_steps": 512,
    "gamma": 0.995,
    "learning_rate": 4.8851931623171745e-05,
    "ent_coef": 1.6934587797887212e-08,
    "clip_range": 0.3,
    "n_epochs": 20,
    "gae_lambda": 0.99,
    "max_grad_norm": 0.9,
    "vf_coef": 0.8503691637471237,
    "net_arch": "small",
    "activation_fn": "tanh"
}