{
    "batch_size": 16,
    "n_steps": 256,
    "gamma": 0.99,
    "learning_rate": 0.00014053293305162166,
    "ent_coef": 9.622675948285543e-07,
    "clip_range": 0.3,
    "n_epochs": 20,
    "gae_lambda": 0.98,
    "max_grad_norm": 0.6,
    "vf_coef": 0.8234534595476738,
    "net_arch": "tiny",
    "activation_fn": "tanh"
}