{
    "batch_size": 16,
    "n_steps": 1024,
    "gamma": 0.99,
    "learning_rate": 5.34854895110202e-05,
    "ent_coef": 6.940040122770883e-05,
    "clip_range": 0.2,
    "n_epochs": 20,
    "gae_lambda": 0.99,
    "max_grad_norm": 0.7,
    "vf_coef": 0.5742893458981521,
    "net_arch": "medium",
    "activation_fn": "relu"
}