{
    "batch_size": 32,
    "n_steps": 1024,
    "gamma": 0.999,
    "learning_rate": 0.00011092010384990256,
    "ent_coef": 1.1798727714548378e-05,
    "clip_range": 0.2,
    "n_epochs": 20,
    "gae_lambda": 0.95,
    "max_grad_norm": 0.7,
    "vf_coef": 0.5963926444458628,
    "net_arch": "medium",
    "activation_fn": "relu"
}