{
    "batch_size": 32,
    "n_steps": 512,
    "gamma": 0.995,
    "learning_rate": 0.0002870094006171164,
    "ent_coef": 2.4899465105559113e-07,
    "clip_range": 0.3,
    "n_epochs": 20,
    "gae_lambda": 0.92,
    "max_grad_norm": 2,
    "vf_coef": 0.36328911801171604,
    "net_arch": "small",
    "activation_fn": "tanh"
}